{
  "_note1": "KEEP THIS FILE! Check it into a version control system (VCS) like git.",
  "_note2": "ObjectBox manages crucial IDs for your object model. See docs for details.",
  "_note3": "If you have VCS merge conflicts, you must resolve them according to ObjectBox docs.",
  "entities": [
    {
      "id": "1:4237751096410688159",
      "lastPropertyId": "7:3248050736948140625",
      "name": "ObjectBoxNetEntity",
      "properties": [
        {
          "id": "1:3053472224691937015",
          "name": "id"
        },
        {
          "id": "2:5983530123427679692",
          "name": "url"
        },
        {
          "id": "3:2986046441360607057",
          "name": "headers"
        },
        {
          "id": "4:2446695716935346657",
          "name": "content"
        },
        {
          "id": "5:361416291250436760",
          "name": "method"
        },
        {
          "id": "7:3248050736948140625",
          "name": "parameter"
        }
      ],
      "relations": []
    }
  ],
  "lastEntityId": "1:4237751096410688159",
  "lastIndexId": "0:0",
  "lastRelationId": "0:0",
  "lastSequenceId": "0:0",
  "modelVersion": 4,
  "modelVersionParserMinimum": 4,
  "retiredEntityUids": [],
  "retiredIndexUids": [],
  "retiredPropertyUids": [
    6137755942073427629
  ],
  "retiredRelationUids": [],
  "version": 1
}