[
  {
    "fileName": "/dhtnodes.dat"
  },
  {
    "fileName": "/.jpush"
  },
  {
    "fileName": "/.wps_preloaded_2.txt"
  },
  {
    "fileName": "/.7934039a"
  },
  {
    "fileName": "/.aaa"
  },
  {
    "fileName": "/.bbb"
  },
  {
    "fileName": "/.ccc"
  },
  {
    "fileName": "/.setting"
  },
  {
    "fileName": "/.settingz"
  },
  {
    "fileName": "/.system"
  },
  {
    "fileName": "/.systeminfo"
  },
  {
    "fileName": "/.systeminfoz"
  },
  {
    "fileName": "/.systemz"
  },
  {
    "fileName": "/.BD_SAPI_CACHE"
  },
  {
    "fileName": "/.cc"
  },
  {
    "fileName": "/.gs_fs3"
  },
  {
    "fileName": "/.gs_fs6"
  },
  {
    "fileName": "/..ccdid"
  },
  {
    "fileName": "/..ccvid"
  },
  {
    "fileName": "/.duid"
  },
  {
    "fileName": "/.tcookieid"
  },
  {
    "fileName": "/.um"
  },
  {
    "fileName": "/.ColombiaMedia"
  },
  {
    "fileName": "/.com.taobao.dp"
  },
  {
    "fileName": "/.com.pingan.pazq"
  },
  {
    "fileName": "/.DataStorage"
  },
  {
    "fileName": "/.estrongs"
  },
  {
    "fileName": "/.turingdebug"
  },
  {
    "fileName": "/.gs_file"
  },
  {
    "fileName": "/.gs_fs0"
  },
  {
    "fileName": "/.jdd"
  },
  {
    "fileName": "/.jds"
  },
  {
    "fileName": "/.OAIDSystemConfig"
  },
  {
    "fileName": "/.photoShare"
  },
  {
    "fileName": "/.qmt"
  },
  {
    "fileName": "/.tbs"
  },
  {
    "fileName": "/.UTSystemConfig"
  },
  {
    "fileName": "/.uxx"
  },
  {
    "fileName": "/.vdevdir"
  },
  {
    "fileName": "/.vivo"
  },
  {
    "fileName": "/.zp"
  },
  {
    "fileName": "/.andro"
  },
  {
    "fileName": "/.Download"
  },
  {
    "fileName": "/.Trusfort"
  },
  {
    "fileName": "/.xd"
  },
  {
    "fileName": "/.a.dat"
  },
  {
    "fileName": "/.turing.dat"
  },
  {
    "fileName": "/.sys.log"
  },
  {
    "fileName": "/.mn_-2021413019"
  },
  {
    "fileName": "/.3deaedc28469674418c57af6b7cc832b"
  },
  {
    "fileName": "/.xdsd_pin"
  },
  {
    "fileName": "/.xdkj.kr.new.01"
  },
  {
    "fileName": "/dht.id"
  },
  {
    "fileName": "/shumei.txt"
  },
  {
    "fileName": "/360"
  },
  {
    "fileName": "/backups"
  },
  {
    "fileName": "/MxPlayerAd"
  },
  {
    "fileName": "/anelicai"
  },
  {
    "fileName": "/aray"
  },
  {
    "fileName": "/huaihuaimao"
  },
  {
    "fileName": "/libs"
  },
  {
    "fileName": "/smartisan"
  },
  {
    "fileName": "/dhtnodes6.dat"
  },
  {
    "fileName": "/config_system_switchs.txt"
  },
  {
    "fileName": "/360Download"
  },
  {
    "fileName": "/Android/.iacovnfld."
  },
  {
    "fileName": "/Android/domain"
  },
  {
    "fileName": "/Android/white_list"
  },
  {
    "fileName": "/Android/fotiaoqiang.log"
  },
  {
    "fileName": "/Android/653505bcb1f5e4c0c03ec31cf0e309a0"
  },
  {
    "fileName": "/Android/obj/.um"
  },
  {
    "fileName": "/Android/data/.um"
  },
  {
    "fileName": "/Android/data/.mn_2021413019"
  },
  {
    "fileName": "/Android/data/.mn_-2021413019"
  },
  {
    "fileName": "/Android/data/leancloud"
  },
  {
    "fileName": "/Android/data/pushSdk"
  },
  {
    "fileName": "/autonavi"
  },
  {
    "fileName": "/AutoDump"
  },
  {
    "fileName": "/amap"
  },
  {
    "fileName": "/bdmsa_gr"
  },
  {
    "fileName": "/com.android.bankabc"
  },
  {
    "fileName": "/Backucup"
  },
  {
    "fileName": "/buckups"
  },
  {
    "fileName": "/capture_qsvf"
  },
  {
    "fileName": "/crm_socket_log"
  },
  {
    "fileName": "/backups"
  },
  {
    "fileName": "/backup"
  },
  {
    "fileName": "/baidu"
  },
  {
    "fileName": "/data"
  },
  {
    "fileName": "/Catfish"
  },
  {
    "fileName": "/cmb"
  },
  {
    "fileName": "/cmb.pb"
  },
  {
    "fileName": "/com.tencent.mobileqq"
  },
  {
    "fileName": "/com.UCMobile"
  },
  {
    "fileName": "/GalleryFinal"
  },
  {
    "fileName": "/haidilao"
  },
  {
    "fileName": "/Netease"
  },
  {
    "fileName": "/Quark"
  },
  {
    "fileName": "/log"
  },
  {
    "fileName": "/tbs"
  },
  {
    "fileName": "/Geetest"
  },
  {
    "fileName": "/Installation"
  },
  {
    "fileName": "/Trusfort"
  },
  {
    "fileName": "/mipush"
  },
  {
    "fileName": "/Mob"
  },
  {
    "fileName": "/Movies"
  },
  {
    "fileName": "/msc"
  },
  {
    "fileName": "/QQBrowser"
  },
  {
    "fileName": "/Fonts"
  },
  {
    "fileName": "/System"
  },
  {
    "fileName": "/HDL_DJZ"
  },
  {
    "fileName": "/qqstory"
  },
  {
    "fileName": "/txrtmp"
  },
  {
    "fileName": "/xunlei"
  },
  {
    "fileName": "/xunlei_lite"
  },
  {
    "fileName": "/DCIM/.tmfs"
  },
  {
    "fileName": "/DCIM/.tmsdual"
  },
  {
    "fileName": "/Download/.cu"
  },
  {
    "fileName": "/Pictures/.Gallery2"
  },
  {
    "fileName": "/Pictures/com.tencent.wemeet.app"
  },
  {
    "fileName": "/qsvf"
  },
  {
    "fileName": "/tmp"
  },
  {
    "fileName": "/Sounds"
  },
  {
    "fileName": "/Sounds/.pictures"
  },
  {
    "fileName": "/tv.danmaku.bili"
  },
  {
    "fileName": "/Tencent/beacon"
  },
  {
    "fileName": "/Tencent/blob"
  },
  {
    "fileName": "/Tencent/imsdklogs"
  },
  {
    "fileName": "/Tencent/MidasPay"
  },
  {
    "fileName": "/Tencent/mini"
  },
  {
    "fileName": "/Tencent/msflogs"
  },
  {
    "fileName": "/Tencent/mta"
  },
  {
    "fileName": "/Tencent/tbs_live_log"
  },
  {
    "fileName": "/Tencent/TMAssistantSDK"
  },
  {
    "fileName": "/Tencent/wtlogin"
  },
  {
    "fileName": "/Tencent/MiccroMsg/xlog"
  },
  {
    "fileName": "/Tencent/MiccroMsg/recovery"
  },
  {
    "fileName": "/Tencent/MiccroMsg/SQLTrace"
  },
  {
    "fileName": "/Tencent/MiccroMsg/wxacache"
  },
  {
    "fileName": "/Tencent/MiccroMsg/wxanewfiles"
  },
  {
    "fileName": "/Tencent/MiccroMsg/.tmp"
  },
  {
    "fileName": "/Tencent/QQfile_recv/.thumbnails"
  },
  {
    "fileName": "/Tencent/QQfile_recv/.tmp"
  },
  {
    "fileName": "/Tencent/QQfile_recv/.trooptmp"
  },
  {
    "fileName": "/Tencent/QQSec"
  },
  {
    "fileName": "/Tencent/tbs_audio_data"
  },
  {
    "fileName": "/tencentmapsdk"
  },
  {
    "fileName": "/UCDownloads/.CropImage"
  },
  {
    "fileName": "/UCDownloads/.private"
  },
  {
    "fileName": "/UCDownloads/.private_video"
  },
  {
    "fileName": "/UCDownloads/.Decompress"
  },
  {
    "fileName": "/UCDownloads/config"
  },
  {
    "fileName": "/UCDownloads/novels"
  }
]